Attention,Meditation,Delta,Theta,LowAlpha,HighAlpha,LowBeta,HighBeta,LowGamma,MidGamma,Label
83,64,136363,34440,24376,5175,3323,8415,1666,72082,forward
83,64,136363,34440,24376,5175,3323,8415,1666,72082,forward
83,64,136363,34440,24376,5175,3323,8415,1666,72082,forward
83,64,136363,34440,24376,5175,3323,8415,1666,72082,forward
83,64,136363,34440,24376,5175,3323,8415,1666,72082,forward
77,69,1230627,29237,20921,7243,2297,5901,1029,65223,forward
77,69,1230627,29237,20921,7243,2297,5901,1029,65223,forward
77,69,1230627,29237,20921,7243,2297,5901,1029,65223,forward
77,69,1230627,29237,20921,7243,2297,5901,1029,65223,forward
77,69,1230627,29237,20921,7243,2297,5901,1029,65223,forward
77,69,1230627,29237,20921,7243,2297,5901,1029,65223,forward
77,69,1230627,29237,20921,7243,2297,5901,1029,65223,forward
77,69,1230627,29237,20921,7243,2297,5901,1029,65223,forward
77,69,1230627,29237,20921,7243,2297,5901,1029,65223,forward
77,69,1230627,29237,20921,7243,2297,5901,1029,65223,forward
77,69,1230627,29237,20921,7243,2297,5901,1029,65223,forward
77,69,1230627,29237,20921,7243,2297,5901,1029,65223,forward
77,69,1230627,29237,20921,7243,2297,5901,1029,65223,forward
77,69,1230627,29237,20921,7243,2297,5901,1029,65223,forward
77,69,1230627,29237,20921,7243,2297,5901,1029,65223,forward
77,69,1230627,29237,20921,7243,2297,5901,1029,65223,forward
77,69,1230627,29237,20921,7243,2297,5901,1029,65223,forward
77,69,1230627,29237,20921,7243,2297,5901,1029,65223,forward
77,69,1230627,29237,20921,7243,2297,5901,1029,65223,forward
77,69,1230627,29237,20921,7243,2297,5901,1029,65223,forward
47,77,138986,49873,12687,4976,3318,3084,1247,72463,forward
47,77,138986,49873,12687,4976,3318,3084,1247,72463,forward
47,77,138986,49873,12687,4976,3318,3084,1247,72463,forward
47,77,138986,49873,12687,4976,3318,3084,1247,72463,forward
47,77,138986,49873,12687,4976,3318,3084,1247,72463,forward
47,77,138986,49873,12687,4976,3318,3084,1247,72463,forward
47,77,138986,49873,12687,4976,3318,3084,1247,72463,forward
47,77,138986,49873,12687,4976,3318,3084,1247,72463,forward
47,77,138986,49873,12687,4976,3318,3084,1247,72463,forward
47,77,138986,49873,12687,4976,3318,3084,1247,72463,forward
47,77,138986,49873,12687,4976,3318,3084,1247,72463,forward
47,77,138986,49873,12687,4976,3318,3084,1247,72463,forward
47,77,138986,49873,12687,4976,3318,3084,1247,72463,forward
47,77,138986,49873,12687,4976,3318,3084,1247,72463,forward
47,77,138986,49873,12687,4976,3318,3084,1247,72463,forward
47,77,138986,49873,12687,4976,3318,3084,1247,72463,forward
47,77,138986,49873,12687,4976,3318,3084,1247,72463,forward
47,77,138986,49873,12687,4976,3318,3084,1247,72463,forward
47,77,138986,49873,12687,4976,3318,3084,1247,72463,forward
34,80,379911,25883,1104,7522,3136,3808,616,67456,forward
34,80,379911,25883,1104,7522,3136,3808,616,67456,forward
34,80,379911,25883,1104,7522,3136,3808,616,67456,forward
34,80,379911,25883,1104,7522,3136,3808,616,67456,forward
34,80,379911,25883,1104,7522,3136,3808,616,67456,forward
34,80,379911,25883,1104,7522,3136,3808,616,67456,forward
34,80,379911,25883,1104,7522,3136,3808,616,67456,forward
34,80,379911,25883,1104,7522,3136,3808,616,67456,forward
34,80,379911,25883,1104,7522,3136,3808,616,67456,forward
34,80,379911,25883,1104,7522,3136,3808,616,67456,forward
34,80,379911,25883,1104,7522,3136,3808,616,67456,forward
34,80,379911,25883,1104,7522,3136,3808,616,67456,forward
34,80,379911,25883,1104,7522,3136,3808,616,67456,forward
34,80,379911,25883,1104,7522,3136,3808,616,67456,forward
34,80,379911,25883,1104,7522,3136,3808,616,67456,forward
34,80,379911,25883,1104,7522,3136,3808,616,67456,forward
34,80,379911,25883,1104,7522,3136,3808,616,67456,forward
34,80,379911,25883,1104,7522,3136,3808,616,67456,forward
34,80,379911,25883,1104,7522,3136,3808,616,67456,forward
34,80,379911,25883,1104,7522,3136,3808,616,67456,forward
16,90,1209548,19884,105115,14862,55494,6730,2272,291110,forward
16,90,1209548,19884,105115,14862,55494,6730,2272,291110,forward
16,90,1209548,19884,105115,14862,55494,6730,2272,291110,forward
16,90,1209548,19884,105115,14862,55494,6730,2272,291110,forward
16,90,1209548,19884,105115,14862,55494,6730,2272,291110,forward
16,90,1209548,19884,105115,14862,55494,6730,2272,291110,forward
16,90,1209548,19884,105115,14862,55494,6730,2272,291110,forward
16,90,1209548,19884,105115,14862,55494,6730,2272,291110,forward
16,90,1209548,19884,105115,14862,55494,6730,2272,291110,forward
16,90,1209548,19884,105115,14862,55494,6730,2272,291110,forward
16,90,1209548,19884,105115,14862,55494,6730,2272,291110,forward
16,90,1209548,19884,105115,14862,55494,6730,2272,291110,forward
16,90,1209548,19884,105115,14862,55494,6730,2272,291110,forward
16,90,1209548,19884,105115,14862,55494,6730,2272,291110,forward
16,90,1209548,19884,105115,14862,55494,6730,2272,291110,forward
16,90,1209548,19884,105115,14862,55494,6730,2272,291110,forward
16,90,1209548,19884,105115,14862,55494,6730,2272,291110,forward
16,90,1209548,19884,105115,14862,55494,6730,2272,291110,forward
16,90,1209548,19884,105115,14862,55494,6730,2272,291110,forward
16,90,1209548,19884,105115,14862,55494,6730,2272,291110,forward
8,83,795851,180263,4027,84932,15595,15300,1312,282717,forward
8,83,795851,180263,4027,84932,15595,15300,1312,282717,forward
8,83,795851,180263,4027,84932,15595,15300,1312,282717,forward
8,83,795851,180263,4027,84932,15595,15300,1312,282717,forward
8,83,795851,180263,4027,84932,15595,15300,1312,282717,forward
8,83,795851,180263,4027,84932,15595,15300,1312,282717,forward
8,83,795851,180263,4027,84932,15595,15300,1312,282717,forward
8,83,795851,180263,4027,84932,15595,15300,1312,282717,forward
8,83,795851,180263,4027,84932,15595,15300,1312,282717,forward
8,83,795851,180263,4027,84932,15595,15300,1312,282717,forward
8,83,795851,180263,4027,84932,15595,15300,1312,282717,forward
8,83,795851,180263,4027,84932,15595,15300,1312,282717,forward
8,83,795851,180263,4027,84932,15595,15300,1312,282717,forward
8,83,795851,180263,4027,84932,15595,15300,1312,282717,forward
8,83,795851,180263,4027,84932,15595,15300,1312,282717,forward
8,83,795851,180263,4027,84932,15595,15300,1312,282717,forward
8,83,795851,180263,4027,84932,15595,15300,1312,282717,forward
8,83,795851,180263,4027,84932,15595,15300,1312,282717,forward
8,83,795851,180263,4027,84932,15595,15300,1312,282717,forward
8,83,795851,180263,4027,84932,15595,15300,1312,282717,forward
26,100,1721686,44927,86158,28996,7098,24549,5460,299279,forward
26,100,1721686,44927,86158,28996,7098,24549,5460,299279,forward
26,100,1721686,44927,86158,28996,7098,24549,5460,299279,forward
26,100,1721686,44927,86158,28996,7098,24549,5460,299279,forward
26,100,1721686,44927,86158,28996,7098,24549,5460,299279,forward
26,100,1721686,44927,86158,28996,7098,24549,5460,299279,forward
26,100,1721686,44927,86158,28996,7098,24549,5460,299279,forward
26,100,1721686,44927,86158,28996,7098,24549,5460,299279,forward
26,100,1721686,44927,86158,28996,7098,24549,5460,299279,forward
26,100,1721686,44927,86158,28996,7098,24549,5460,299279,forward
26,100,1721686,44927,86158,28996,7098,24549,5460,299279,forward
26,100,1721686,44927,86158,28996,7098,24549,5460,299279,forward
26,100,1721686,44927,86158,28996,7098,24549,5460,299279,forward
26,100,1721686,44927,86158,28996,7098,24549,5460,299279,forward
26,100,1721686,44927,86158,28996,7098,24549,5460,299279,forward
26,100,1721686,44927,86158,28996,7098,24549,5460,299279,forward
26,100,1721686,44927,86158,28996,7098,24549,5460,299279,forward
26,100,1721686,44927,86158,28996,7098,24549,5460,299279,forward
26,100,1721686,44927,86158,28996,7098,24549,5460,299279,forward
8,100,44262,14834,5101,1055,277,676,231,15329,forward
8,100,44262,14834,5101,1055,277,676,231,15329,forward
8,100,44262,14834,5101,1055,277,676,231,15329,forward
8,100,44262,14834,5101,1055,277,676,231,15329,forward
8,100,44262,14834,5101,1055,277,676,231,15329,forward
8,100,44262,14834,5101,1055,277,676,231,15329,forward
8,100,44262,14834,5101,1055,277,676,231,15329,forward
8,100,44262,14834,5101,1055,277,676,231,15329,forward
8,100,44262,14834,5101,1055,277,676,231,15329,forward
8,100,44262,14834,5101,1055,277,676,231,15329,forward
8,100,44262,14834,5101,1055,277,676,231,15329,forward
8,100,44262,14834,5101,1055,277,676,231,15329,forward
8,100,44262,14834,5101,1055,277,676,231,15329,forward
8,100,44262,14834,5101,1055,277,676,231,15329,forward
8,100,44262,14834,5101,1055,277,676,231,15329,forward
8,100,44262,14834,5101,1055,277,676,231,15329,forward
8,100,44262,14834,5101,1055,277,676,231,15329,forward
8,100,44262,14834,5101,1055,277,676,231,15329,forward
8,100,44262,14834,5101,1055,277,676,231,15329,forward
8,100,44262,14834,5101,1055,277,676,231,15329,forward
23,90,1302837,16105,8186,6554,17036,4586,1196,70182,forward
23,90,1302837,16105,8186,6554,17036,4586,1196,70182,forward
23,90,1302837,16105,8186,6554,17036,4586,1196,70182,forward
23,90,1302837,16105,8186,6554,17036,4586,1196,70182,forward
23,90,1302837,16105,8186,6554,17036,4586,1196,70182,forward
23,90,1302837,16105,8186,6554,17036,4586,1196,70182,forward
23,90,1302837,16105,8186,6554,17036,4586,1196,70182,forward
23,90,1302837,16105,8186,6554,17036,4586,1196,70182,forward
23,90,1302837,16105,8186,6554,17036,4586,1196,70182,forward
23,90,1302837,16105,8186,6554,17036,4586,1196,70182,forward
23,90,1302837,16105,8186,6554,17036,4586,1196,70182,forward
23,90,1302837,16105,8186,6554,17036,4586,1196,70182,forward
23,90,1302837,16105,8186,6554,17036,4586,1196,70182,forward
23,90,1302837,16105,8186,6554,17036,4586,1196,70182,forward
23,90,1302837,16105,8186,6554,17036,4586,1196,70182,forward
23,90,1302837,16105,8186,6554,17036,4586,1196,70182,forward
23,90,1302837,16105,8186,6554,17036,4586,1196,70182,forward
23,90,1302837,16105,8186,6554,17036,4586,1196,70182,forward
23,90,1302837,16105,8186,6554,17036,4586,1196,70182,forward
23,90,1302837,16105,8186,6554,17036,4586,1196,70182,forward
29,97,761176,59165,11483,66684,18357,11819,1623,246774,forward
29,97,761176,59165,11483,66684,18357,11819,1623,246774,forward
29,97,761176,59165,11483,66684,18357,11819,1623,246774,forward
29,97,761176,59165,11483,66684,18357,11819,1623,246774,forward
29,97,761176,59165,11483,66684,18357,11819,1623,246774,forward
29,97,761176,59165,11483,66684,18357,11819,1623,246774,forward
29,97,761176,59165,11483,66684,18357,11819,1623,246774,forward
29,97,761176,59165,11483,66684,18357,11819,1623,246774,forward
29,97,761176,59165,11483,66684,18357,11819,1623,246774,forward
29,97,761176,59165,11483,66684,18357,11819,1623,246774,forward
29,97,761176,59165,11483,66684,18357,11819,1623,246774,forward
29,97,761176,59165,11483,66684,18357,11819,1623,246774,forward
29,97,761176,59165,11483,66684,18357,11819,1623,246774,forward
29,97,761176,59165,11483,66684,18357,11819,1623,246774,forward
29,97,761176,59165,11483,66684,18357,11819,1623,246774,forward
29,97,761176,59165,11483,66684,18357,11819,1623,246774,forward
29,97,761176,59165,11483,66684,18357,11819,1623,246774,forward
29,97,761176,59165,11483,66684,18357,11819,1623,246774,forward
29,97,761176,59165,11483,66684,18357,11819,1623,246774,forward
29,97,761176,59165,11483,66684,18357,11819,1623,246774,forward
21,83,769173,151267,11557,48260,2831,16087,2332,239079,forward
21,83,769173,151267,11557,48260,2831,16087,2332,239079,forward
21,83,769173,151267,11557,48260,2831,16087,2332,239079,forward
21,83,769173,151267,11557,48260,2831,16087,2332,239079,forward
21,83,769173,151267,11557,48260,2831,16087,2332,239079,forward
21,83,769173,151267,11557,48260,2831,16087,2332,239079,forward
21,83,769173,151267,11557,48260,2831,16087,2332,239079,forward
21,83,769173,151267,11557,48260,2831,16087,2332,239079,forward
21,83,769173,151267,11557,48260,2831,16087,2332,239079,forward
21,83,769173,151267,11557,48260,2831,16087,2332,239079,forward
21,83,769173,151267,11557,48260,2831,16087,2332,239079,forward
21,83,769173,151267,11557,48260,2831,16087,2332,239079,forward
21,83,769173,151267,11557,48260,2831,16087,2332,239079,forward
21,83,769173,151267,11557,48260,2831,16087,2332,239079,forward
21,83,769173,151267,11557,48260,2831,16087,2332,239079,forward
21,83,769173,151267,11557,48260,2831,16087,2332,239079,forward
21,83,769173,151267,11557,48260,2831,16087,2332,239079,forward
7,51,1428954,94041,29108,20928,18945,14122,6372,215539,back
7,51,1428954,94041,29108,20928,18945,14122,6372,215539,back
7,51,1428954,94041,29108,20928,18945,14122,6372,215539,back
7,51,1428954,94041,29108,20928,18945,14122,6372,215539,back
7,51,1428954,94041,29108,20928,18945,14122,6372,215539,back
7,51,1428954,94041,29108,20928,18945,14122,6372,215539,back
7,51,1428954,94041,29108,20928,18945,14122,6372,215539,back
7,51,1428954,94041,29108,20928,18945,14122,6372,215539,back
7,51,1428954,94041,29108,20928,18945,14122,6372,215539,back
7,51,1428954,94041,29108,20928,18945,14122,6372,215539,back
7,51,1428954,94041,29108,20928,18945,14122,6372,215539,back
7,51,1428954,94041,29108,20928,18945,14122,6372,215539,back
7,51,1428954,94041,29108,20928,18945,14122,6372,215539,back
7,51,1428954,94041,29108,20928,18945,14122,6372,215539,back
7,51,1428954,94041,29108,20928,18945,14122,6372,215539,back
7,51,1428954,94041,29108,20928,18945,14122,6372,215539,back
1,47,1174047,400829,41495,24333,50547,21496,6778,243001,back
1,47,1174047,400829,41495,24333,50547,21496,6778,243001,back
1,47,1174047,400829,41495,24333,50547,21496,6778,243001,back
1,47,1174047,400829,41495,24333,50547,21496,6778,243001,back
1,47,1174047,400829,41495,24333,50547,21496,6778,243001,back
1,47,1174047,400829,41495,24333,50547,21496,6778,243001,back
1,47,1174047,400829,41495,24333,50547,21496,6778,243001,back
1,47,1174047,400829,41495,24333,50547,21496,6778,243001,back
1,47,1174047,400829,41495,24333,50547,21496,6778,243001,back
1,47,1174047,400829,41495,24333,50547,21496,6778,243001,back
1,47,1174047,400829,41495,24333,50547,21496,6778,243001,back
1,47,1174047,400829,41495,24333,50547,21496,6778,243001,back
1,47,1174047,400829,41495,24333,50547,21496,6778,243001,back
1,47,1174047,400829,41495,24333,50547,21496,6778,243001,back
1,47,1174047,400829,41495,24333,50547,21496,6778,243001,back
1,47,1174047,400829,41495,24333,50547,21496,6778,243001,back
1,47,1174047,400829,41495,24333,50547,21496,6778,243001,back
1,47,1174047,400829,41495,24333,50547,21496,6778,243001,back
1,47,1174047,400829,41495,24333,50547,21496,6778,243001,back
1,47,1174047,400829,41495,24333,50547,21496,6778,243001,back
23,51,72113,8320,827,2030,835,1750,394,12686,back
23,51,72113,8320,827,2030,835,1750,394,12686,back
23,51,72113,8320,827,2030,835,1750,394,12686,back
23,51,72113,8320,827,2030,835,1750,394,12686,back
23,51,72113,8320,827,2030,835,1750,394,12686,back
23,51,72113,8320,827,2030,835,1750,394,12686,back
23,51,72113,8320,827,2030,835,1750,394,12686,back
23,51,72113,8320,827,2030,835,1750,394,12686,back
23,51,72113,8320,827,2030,835,1750,394,12686,back
23,51,72113,8320,827,2030,835,1750,394,12686,back
23,51,72113,8320,827,2030,835,1750,394,12686,back
23,51,72113,8320,827,2030,835,1750,394,12686,back
23,51,72113,8320,827,2030,835,1750,394,12686,back
23,51,72113,8320,827,2030,835,1750,394,12686,back
23,51,72113,8320,827,2030,835,1750,394,12686,back
23,51,72113,8320,827,2030,835,1750,394,12686,back
23,51,72113,8320,827,2030,835,1750,394,12686,back
23,51,72113,8320,827,2030,835,1750,394,12686,back
23,51,72113,8320,827,2030,835,1750,394,12686,back
23,51,72113,8320,827,2030,835,1750,394,12686,back
16,56,829504,614837,151588,28110,12554,10172,13488,190545,back
16,56,829504,614837,151588,28110,12554,10172,13488,190545,back
16,56,829504,614837,151588,28110,12554,10172,13488,190545,back
16,56,829504,614837,151588,28110,12554,10172,13488,190545,back
16,56,829504,614837,151588,28110,12554,10172,13488,190545,back
16,56,829504,614837,151588,28110,12554,10172,13488,190545,back
16,56,829504,614837,151588,28110,12554,10172,13488,190545,back
16,56,829504,614837,151588,28110,12554,10172,13488,190545,back
16,56,829504,614837,151588,28110,12554,10172,13488,190545,back
16,56,829504,614837,151588,28110,12554,10172,13488,190545,back
16,56,829504,614837,151588,28110,12554,10172,13488,190545,back
16,56,829504,614837,151588,28110,12554,10172,13488,190545,back
16,56,829504,614837,151588,28110,12554,10172,13488,190545,back
16,56,829504,614837,151588,28110,12554,10172,13488,190545,back
16,56,829504,614837,151588,28110,12554,10172,13488,190545,back
16,56,829504,614837,151588,28110,12554,10172,13488,190545,back
16,56,829504,614837,151588,28110,12554,10172,13488,190545,back
16,56,829504,614837,151588,28110,12554,10172,13488,190545,back
16,56,829504,614837,151588,28110,12554,10172,13488,190545,back
26,60,779116,67768,30950,21979,16497,16726,12656,190941,back
26,60,779116,67768,30950,21979,16497,16726,12656,190941,back
26,60,779116,67768,30950,21979,16497,16726,12656,190941,back
26,60,779116,67768,30950,21979,16497,16726,12656,190941,back
26,60,779116,67768,30950,21979,16497,16726,12656,190941,back
26,60,779116,67768,30950,21979,16497,16726,12656,190941,back
26,60,779116,67768,30950,21979,16497,16726,12656,190941,back
26,60,779116,67768,30950,21979,16497,16726,12656,190941,back
26,60,779116,67768,30950,21979,16497,16726,12656,190941,back
26,60,779116,67768,30950,21979,16497,16726,12656,190941,back
26,60,779116,67768,30950,21979,16497,16726,12656,190941,back
26,60,779116,67768,30950,21979,16497,16726,12656,190941,back
26,60,779116,67768,30950,21979,16497,16726,12656,190941,back
26,60,779116,67768,30950,21979,16497,16726,12656,190941,back
26,60,779116,67768,30950,21979,16497,16726,12656,190941,back
26,60,779116,67768,30950,21979,16497,16726,12656,190941,back
26,60,779116,67768,30950,21979,16497,16726,12656,190941,back
26,60,779116,67768,30950,21979,16497,16726,12656,190941,back
26,60,779116,67768,30950,21979,16497,16726,12656,190941,back
26,60,779116,67768,30950,21979,16497,16726,12656,190941,back
40,70,2061719,131292,55172,10943,24016,13074,5054,177576,back
40,70,2061719,131292,55172,10943,24016,13074,5054,177576,back
40,70,2061719,131292,55172,10943,24016,13074,5054,177576,back
40,70,2061719,131292,55172,10943,24016,13074,5054,177576,back
40,70,2061719,131292,55172,10943,24016,13074,5054,177576,back
40,70,2061719,131292,55172,10943,24016,13074,5054,177576,back
40,70,2061719,131292,55172,10943,24016,13074,5054,177576,back
40,70,2061719,131292,55172,10943,24016,13074,5054,177576,back
40,70,2061719,131292,55172,10943,24016,13074,5054,177576,back
40,70,2061719,131292,55172,10943,24016,13074,5054,177576,back
40,70,2061719,131292,55172,10943,24016,13074,5054,177576,back
40,70,2061719,131292,55172,10943,24016,13074,5054,177576,back
40,70,2061719,131292,55172,10943,24016,13074,5054,177576,back
40,70,2061719,131292,55172,10943,24016,13074,5054,177576,back
40,70,2061719,131292,55172,10943,24016,13074,5054,177576,back
40,70,2061719,131292,55172,10943,24016,13074,5054,177576,back
40,70,2061719,131292,55172,10943,24016,13074,5054,177576,back
40,70,2061719,131292,55172,10943,24016,13074,5054,177576,back
40,70,2061719,131292,55172,10943,24016,13074,5054,177576,back
40,70,2061719,131292,55172,10943,24016,13074,5054,177576,back
30,80,1870369,191432,103420,52708,25713,21381,9033,176039,back
30,80,1870369,191432,103420,52708,25713,21381,9033,176039,back
30,80,1870369,191432,103420,52708,25713,21381,9033,176039,back
30,80,1870369,191432,103420,52708,25713,21381,9033,176039,back
30,80,1870369,191432,103420,52708,25713,21381,9033,176039,back
30,80,1870369,191432,103420,52708,25713,21381,9033,176039,back
30,80,1870369,191432,103420,52708,25713,21381,9033,176039,back
30,80,1870369,191432,103420,52708,25713,21381,9033,176039,back
30,80,1870369,191432,103420,52708,25713,21381,9033,176039,back
30,80,1870369,191432,103420,52708,25713,21381,9033,176039,back
30,80,1870369,191432,103420,52708,25713,21381,9033,176039,back
30,80,1870369,191432,103420,52708,25713,21381,9033,176039,back
30,80,1870369,191432,103420,52708,25713,21381,9033,176039,back
30,80,1870369,191432,103420,52708,25713,21381,9033,176039,back
30,80,1870369,191432,103420,52708,25713,21381,9033,176039,back
30,80,1870369,191432,103420,52708,25713,21381,9033,176039,back
30,80,1870369,191432,103420,52708,25713,21381,9033,176039,back
30,80,1870369,191432,103420,52708,25713,21381,9033,176039,back
30,80,1870369,191432,103420,52708,25713,21381,9033,176039,back
30,80,1870369,191432,103420,52708,25713,21381,9033,176039,back
48,96,114009,21303,18315,16095,5701,2630,1502,62516,back
48,96,114009,21303,18315,16095,5701,2630,1502,62516,back
48,96,114009,21303,18315,16095,5701,2630,1502,62516,back
48,96,114009,21303,18315,16095,5701,2630,1502,62516,back
48,96,114009,21303,18315,16095,5701,2630,1502,62516,back
48,96,114009,21303,18315,16095,5701,2630,1502,62516,back
48,96,114009,21303,18315,16095,5701,2630,1502,62516,back
48,96,114009,21303,18315,16095,5701,2630,1502,62516,back
48,96,114009,21303,18315,16095,5701,2630,1502,62516,back
48,96,114009,21303,18315,16095,5701,2630,1502,62516,back
48,96,114009,21303,18315,16095,5701,2630,1502,62516,back
48,96,114009,21303,18315,16095,5701,2630,1502,62516,back
48,96,114009,21303,18315,16095,5701,2630,1502,62516,back
48,96,114009,21303,18315,16095,5701,2630,1502,62516,back
48,96,114009,21303,18315,16095,5701,2630,1502,62516,back
48,96,114009,21303,18315,16095,5701,2630,1502,62516,back
48,96,114009,21303,18315,16095,5701,2630,1502,62516,back
48,96,114009,21303,18315,16095,5701,2630,1502,62516,back
48,96,114009,21303,18315,16095,5701,2630,1502,62516,back
24,70,791138,165926,3453,5027,5071,3506,1057,47183,back
24,70,791138,165926,3453,5027,5071,3506,1057,47183,back
24,70,791138,165926,3453,5027,5071,3506,1057,47183,back
24,70,791138,165926,3453,5027,5071,3506,1057,47183,back
24,70,791138,165926,3453,5027,5071,3506,1057,47183,back
24,70,791138,165926,3453,5027,5071,3506,1057,47183,back
24,70,791138,165926,3453,5027,5071,3506,1057,47183,back
24,70,791138,165926,3453,5027,5071,3506,1057,47183,back
24,70,791138,165926,3453,5027,5071,3506,1057,47183,back
24,70,791138,165926,3453,5027,5071,3506,1057,47183,back
24,70,791138,165926,3453,5027,5071,3506,1057,47183,back
24,70,791138,165926,3453,5027,5071,3506,1057,47183,back
24,70,791138,165926,3453,5027,5071,3506,1057,47183,back
24,70,791138,165926,3453,5027,5071,3506,1057,47183,back
24,70,791138,165926,3453,5027,5071,3506,1057,47183,back
24,70,791138,165926,3453,5027,5071,3506,1057,47183,back
24,70,791138,165926,3453,5027,5071,3506,1057,47183,back
24,70,791138,165926,3453,5027,5071,3506,1057,47183,back
24,70,791138,165926,3453,5027,5071,3506,1057,47183,back
24,70,791138,165926,3453,5027,5071,3506,1057,47183,back
16,66,220066,117203,23567,14376,11191,4400,1089,47441,back
16,66,220066,117203,23567,14376,11191,4400,1089,47441,back
16,66,220066,117203,23567,14376,11191,4400,1089,47441,back
16,66,220066,117203,23567,14376,11191,4400,1089,47441,back
16,66,220066,117203,23567,14376,11191,4400,1089,47441,back
16,66,220066,117203,23567,14376,11191,4400,1089,47441,back
16,66,220066,117203,23567,14376,11191,4400,1089,47441,back
16,66,220066,117203,23567,14376,11191,4400,1089,47441,back
16,66,220066,117203,23567,14376,11191,4400,1089,47441,back
16,66,220066,117203,23567,14376,11191,4400,1089,47441,back
16,66,220066,117203,23567,14376,11191,4400,1089,47441,back
16,66,220066,117203,23567,14376,11191,4400,1089,47441,back
16,66,220066,117203,23567,14376,11191,4400,1089,47441,back
16,66,220066,117203,23567,14376,11191,4400,1089,47441,back
16,66,220066,117203,23567,14376,11191,4400,1089,47441,back
16,66,220066,117203,23567,14376,11191,4400,1089,47441,back
16,66,220066,117203,23567,14376,11191,4400,1089,47441,back
16,66,220066,117203,23567,14376,11191,4400,1089,47441,back
16,66,220066,117203,23567,14376,11191,4400,1089,47441,back
16,66,220066,117203,23567,14376,11191,4400,1089,47441,back
3,56,1213559,194204,30224,20817,27430,5055,7483,169882,back
3,56,1213559,194204,30224,20817,27430,5055,7483,169882,back
3,56,1213559,194204,30224,20817,27430,5055,7483,169882,back
3,56,1213559,194204,30224,20817,27430,5055,7483,169882,back
3,56,1213559,194204,30224,20817,27430,5055,7483,169882,back
3,56,1213559,194204,30224,20817,27430,5055,7483,169882,back
17,60,2103910,315075,43353,53115,19682,8219,3920,159716,left
17,60,2103910,315075,43353,53115,19682,8219,3920,159716,left
17,60,2103910,315075,43353,53115,19682,8219,3920,159716,left
17,60,2103910,315075,43353,53115,19682,8219,3920,159716,left
17,60,2103910,315075,43353,53115,19682,8219,3920,159716,left
17,60,2103910,315075,43353,53115,19682,8219,3920,159716,left
17,60,2103910,315075,43353,53115,19682,8219,3920,159716,left
17,60,2103910,315075,43353,53115,19682,8219,3920,159716,left
17,60,2103910,315075,43353,53115,19682,8219,3920,159716,left
17,60,2103910,315075,43353,53115,19682,8219,3920,159716,left
17,60,2103910,315075,43353,53115,19682,8219,3920,159716,left
4,40,39581,35366,901,2104,1510,961,427,9627,left
4,40,39581,35366,901,2104,1510,961,427,9627,left
4,40,39581,35366,901,2104,1510,961,427,9627,left
4,40,39581,35366,901,2104,1510,961,427,9627,left
4,40,39581,35366,901,2104,1510,961,427,9627,left
4,40,39581,35366,901,2104,1510,961,427,9627,left
4,40,39581,35366,901,2104,1510,961,427,9627,left
4,40,39581,35366,901,2104,1510,961,427,9627,left
4,40,39581,35366,901,2104,1510,961,427,9627,left
4,40,39581,35366,901,2104,1510,961,427,9627,left
4,40,39581,35366,901,2104,1510,961,427,9627,left
4,40,39581,35366,901,2104,1510,961,427,9627,left
4,40,39581,35366,901,2104,1510,961,427,9627,left
4,40,39581,35366,901,2104,1510,961,427,9627,left
4,40,39581,35366,901,2104,1510,961,427,9627,left
4,40,39581,35366,901,2104,1510,961,427,9627,left
4,40,39581,35366,901,2104,1510,961,427,9627,left
4,40,39581,35366,901,2104,1510,961,427,9627,left
4,40,39581,35366,901,2104,1510,961,427,9627,left
3,41,168979,106118,14975,37968,4924,5274,4454,126741,left
3,41,168979,106118,14975,37968,4924,5274,4454,126741,left
3,41,168979,106118,14975,37968,4924,5274,4454,126741,left
3,41,168979,106118,14975,37968,4924,5274,4454,126741,left
3,41,168979,106118,14975,37968,4924,5274,4454,126741,left
3,41,168979,106118,14975,37968,4924,5274,4454,126741,left
3,41,168979,106118,14975,37968,4924,5274,4454,126741,left
3,41,168979,106118,14975,37968,4924,5274,4454,126741,left
3,41,168979,106118,14975,37968,4924,5274,4454,126741,left
3,41,168979,106118,14975,37968,4924,5274,4454,126741,left
3,41,168979,106118,14975,37968,4924,5274,4454,126741,left
3,41,168979,106118,14975,37968,4924,5274,4454,126741,left
3,41,168979,106118,14975,37968,4924,5274,4454,126741,left
3,41,168979,106118,14975,37968,4924,5274,4454,126741,left
3,41,168979,106118,14975,37968,4924,5274,4454,126741,left
3,41,168979,106118,14975,37968,4924,5274,4454,126741,left
3,41,168979,106118,14975,37968,4924,5274,4454,126741,left
3,41,168979,106118,14975,37968,4924,5274,4454,126741,left
3,41,168979,106118,14975,37968,4924,5274,4454,126741,left
3,41,168979,106118,14975,37968,4924,5274,4454,126741,left
21,56,71486,33514,9342,8074,2132,2342,1238,33506,left
21,56,71486,33514,9342,8074,2132,2342,1238,33506,left
21,56,71486,33514,9342,8074,2132,2342,1238,33506,left
21,56,71486,33514,9342,8074,2132,2342,1238,33506,left
21,56,71486,33514,9342,8074,2132,2342,1238,33506,left
21,56,71486,33514,9342,8074,2132,2342,1238,33506,left
21,56,71486,33514,9342,8074,2132,2342,1238,33506,left
21,56,71486,33514,9342,8074,2132,2342,1238,33506,left
21,56,71486,33514,9342,8074,2132,2342,1238,33506,left
21,56,71486,33514,9342,8074,2132,2342,1238,33506,left
21,56,71486,33514,9342,8074,2132,2342,1238,33506,left
21,56,71486,33514,9342,8074,2132,2342,1238,33506,left
21,56,71486,33514,9342,8074,2132,2342,1238,33506,left
21,56,71486,33514,9342,8074,2132,2342,1238,33506,left
21,56,71486,33514,9342,8074,2132,2342,1238,33506,left
21,56,71486,33514,9342,8074,2132,2342,1238,33506,left
21,56,71486,33514,9342,8074,2132,2342,1238,33506,left
21,56,71486,33514,9342,8074,2132,2342,1238,33506,left
21,56,71486,33514,9342,8074,2132,2342,1238,33506,left
21,56,71486,33514,9342,8074,2132,2342,1238,33506,left
26,54,1032717,749204,170372,33238,34090,33058,26140,556899,left
26,54,1032717,749204,170372,33238,34090,33058,26140,556899,left
26,54,1032717,749204,170372,33238,34090,33058,26140,556899,left
26,54,1032717,749204,170372,33238,34090,33058,26140,556899,left
26,54,1032717,749204,170372,33238,34090,33058,26140,556899,left
26,54,1032717,749204,170372,33238,34090,33058,26140,556899,left
26,54,1032717,749204,170372,33238,34090,33058,26140,556899,left
26,54,1032717,749204,170372,33238,34090,33058,26140,556899,left
26,54,1032717,749204,170372,33238,34090,33058,26140,556899,left
26,54,1032717,749204,170372,33238,34090,33058,26140,556899,left
26,54,1032717,749204,170372,33238,34090,33058,26140,556899,left
26,54,1032717,749204,170372,33238,34090,33058,26140,556899,left
26,54,1032717,749204,170372,33238,34090,33058,26140,556899,left
26,54,1032717,749204,170372,33238,34090,33058,26140,556899,left
26,54,1032717,749204,170372,33238,34090,33058,26140,556899,left
26,54,1032717,749204,170372,33238,34090,33058,26140,556899,left
26,54,1032717,749204,170372,33238,34090,33058,26140,556899,left
26,54,1032717,749204,170372,33238,34090,33058,26140,556899,left
26,54,1032717,749204,170372,33238,34090,33058,26140,556899,left
26,54,1032717,749204,170372,33238,34090,33058,26140,556899,left
20,69,317545,38123,10830,2155,2270,756,496,24563,left
20,69,317545,38123,10830,2155,2270,756,496,24563,left
20,69,317545,38123,10830,2155,2270,756,496,24563,left
20,69,317545,38123,10830,2155,2270,756,496,24563,left
20,69,317545,38123,10830,2155,2270,756,496,24563,left
20,69,317545,38123,10830,2155,2270,756,496,24563,left
20,69,317545,38123,10830,2155,2270,756,496,24563,left
20,69,317545,38123,10830,2155,2270,756,496,24563,left
20,69,317545,38123,10830,2155,2270,756,496,24563,left
20,69,317545,38123,10830,2155,2270,756,496,24563,left
20,69,317545,38123,10830,2155,2270,756,496,24563,left
20,69,317545,38123,10830,2155,2270,756,496,24563,left
20,69,317545,38123,10830,2155,2270,756,496,24563,left
20,69,317545,38123,10830,2155,2270,756,496,24563,left
20,69,317545,38123,10830,2155,2270,756,496,24563,left
20,69,317545,38123,10830,2155,2270,756,496,24563,left
20,69,317545,38123,10830,2155,2270,756,496,24563,left
20,69,317545,38123,10830,2155,2270,756,496,24563,left
20,69,317545,38123,10830,2155,2270,756,496,24563,left
20,69,317545,38123,10830,2155,2270,756,496,24563,left
29,67,914013,106732,40455,7632,10062,14223,3156,105997,left
29,67,914013,106732,40455,7632,10062,14223,3156,105997,left
29,67,914013,106732,40455,7632,10062,14223,3156,105997,left
29,67,914013,106732,40455,7632,10062,14223,3156,105997,left
29,67,914013,106732,40455,7632,10062,14223,3156,105997,left
29,67,914013,106732,40455,7632,10062,14223,3156,105997,left
29,67,914013,106732,40455,7632,10062,14223,3156,105997,left
29,67,914013,106732,40455,7632,10062,14223,3156,105997,left
29,67,914013,106732,40455,7632,10062,14223,3156,105997,left
29,67,914013,106732,40455,7632,10062,14223,3156,105997,left
29,67,914013,106732,40455,7632,10062,14223,3156,105997,left
29,67,914013,106732,40455,7632,10062,14223,3156,105997,left
29,67,914013,106732,40455,7632,10062,14223,3156,105997,left
29,67,914013,106732,40455,7632,10062,14223,3156,105997,left
29,67,914013,106732,40455,7632,10062,14223,3156,105997,left
29,67,914013,106732,40455,7632,10062,14223,3156,105997,left
29,67,914013,106732,40455,7632,10062,14223,3156,105997,left
29,67,914013,106732,40455,7632,10062,14223,3156,105997,left
29,67,914013,106732,40455,7632,10062,14223,3156,105997,left
43,56,831688,232527,33386,15360,43536,50483,11116,531640,left
43,56,831688,232527,33386,15360,43536,50483,11116,531640,left
43,56,831688,232527,33386,15360,43536,50483,11116,531640,left
43,56,831688,232527,33386,15360,43536,50483,11116,531640,left
43,56,831688,232527,33386,15360,43536,50483,11116,531640,left
43,56,831688,232527,33386,15360,43536,50483,11116,531640,left
43,56,831688,232527,33386,15360,43536,50483,11116,531640,left
43,56,831688,232527,33386,15360,43536,50483,11116,531640,left
43,56,831688,232527,33386,15360,43536,50483,11116,531640,left
43,56,831688,232527,33386,15360,43536,50483,11116,531640,left
43,56,831688,232527,33386,15360,43536,50483,11116,531640,left
43,56,831688,232527,33386,15360,43536,50483,11116,531640,left
43,56,831688,232527,33386,15360,43536,50483,11116,531640,left
43,56,831688,232527,33386,15360,43536,50483,11116,531640,left
43,56,831688,232527,33386,15360,43536,50483,11116,531640,left
43,56,831688,232527,33386,15360,43536,50483,11116,531640,left
43,56,831688,232527,33386,15360,43536,50483,11116,531640,left
43,56,831688,232527,33386,15360,43536,50483,11116,531640,left
43,56,831688,232527,33386,15360,43536,50483,11116,531640,left
43,56,831688,232527,33386,15360,43536,50483,11116,531640,left
51,54,2345196,576287,108902,33553,54488,60292,9384,446227,left
51,54,2345196,576287,108902,33553,54488,60292,9384,446227,left
51,54,2345196,576287,108902,33553,54488,60292,9384,446227,left
51,54,2345196,576287,108902,33553,54488,60292,9384,446227,left
51,54,2345196,576287,108902,33553,54488,60292,9384,446227,left
51,54,2345196,576287,108902,33553,54488,60292,9384,446227,left
51,54,2345196,576287,108902,33553,54488,60292,9384,446227,left
51,54,2345196,576287,108902,33553,54488,60292,9384,446227,left
51,54,2345196,576287,108902,33553,54488,60292,9384,446227,left
51,54,2345196,576287,108902,33553,54488,60292,9384,446227,left
51,54,2345196,576287,108902,33553,54488,60292,9384,446227,left
51,54,2345196,576287,108902,33553,54488,60292,9384,446227,left
51,54,2345196,576287,108902,33553,54488,60292,9384,446227,left
51,54,2345196,576287,108902,33553,54488,60292,9384,446227,left
51,54,2345196,576287,108902,33553,54488,60292,9384,446227,left
51,54,2345196,576287,108902,33553,54488,60292,9384,446227,left
51,54,2345196,576287,108902,33553,54488,60292,9384,446227,left
51,54,2345196,576287,108902,33553,54488,60292,9384,446227,left
51,54,2345196,576287,108902,33553,54488,60292,9384,446227,left
51,54,2345196,576287,108902,33553,54488,60292,9384,446227,left
63,57,2311562,243003,64490,64561,37499,15508,23441,548156,left
63,57,2311562,243003,64490,64561,37499,15508,23441,548156,left
63,57,2311562,243003,64490,64561,37499,15508,23441,548156,left
63,57,2311562,243003,64490,64561,37499,15508,23441,548156,left
63,57,2311562,243003,64490,64561,37499,15508,23441,548156,left
63,57,2311562,243003,64490,64561,37499,15508,23441,548156,left
63,57,2311562,243003,64490,64561,37499,15508,23441,548156,left
63,57,2311562,243003,64490,64561,37499,15508,23441,548156,left
63,57,2311562,243003,64490,64561,37499,15508,23441,548156,left
63,57,2311562,243003,64490,64561,37499,15508,23441,548156,left
63,57,2311562,243003,64490,64561,37499,15508,23441,548156,left
63,57,2311562,243003,64490,64561,37499,15508,23441,548156,left
63,57,2311562,243003,64490,64561,37499,15508,23441,548156,left
63,57,2311562,243003,64490,64561,37499,15508,23441,548156,left
63,57,2311562,243003,64490,64561,37499,15508,23441,548156,left
63,57,2311562,243003,64490,64561,37499,15508,23441,548156,left
63,57,2311562,243003,64490,64561,37499,15508,23441,548156,left
63,57,2311562,243003,64490,64561,37499,15508,23441,548156,left
63,57,2311562,243003,64490,64561,37499,15508,23441,548156,left
67,57,1865840,219205,72519,40578,49867,53669,23056,563506,left
67,57,1865840,219205,72519,40578,49867,53669,23056,563506,left
67,57,1865840,219205,72519,40578,49867,53669,23056,563506,left
67,57,1865840,219205,72519,40578,49867,53669,23056,563506,left
67,57,1865840,219205,72519,40578,49867,53669,23056,563506,left
67,57,1865840,219205,72519,40578,49867,53669,23056,563506,left
67,57,1865840,219205,72519,40578,49867,53669,23056,563506,left
67,57,1865840,219205,72519,40578,49867,53669,23056,563506,left
67,57,1865840,219205,72519,40578,49867,53669,23056,563506,left
67,57,1865840,219205,72519,40578,49867,53669,23056,563506,left
67,57,1865840,219205,72519,40578,49867,53669,23056,563506,left
67,57,1865840,219205,72519,40578,49867,53669,23056,563506,left
51,74,433677,13386,24289,2796,3074,10658,1513,176625,right
51,74,433677,13386,24289,2796,3074,10658,1513,176625,right
51,74,433677,13386,24289,2796,3074,10658,1513,176625,right
56,75,1079031,229110,90000,49155,8725,27758,7680,537470,right
56,75,1079031,229110,90000,49155,8725,27758,7680,537470,right
56,75,1079031,229110,90000,49155,8725,27758,7680,537470,right
56,75,1079031,229110,90000,49155,8725,27758,7680,537470,right
56,75,1079031,229110,90000,49155,8725,27758,7680,537470,right
56,75,1079031,229110,90000,49155,8725,27758,7680,537470,right
56,75,1079031,229110,90000,49155,8725,27758,7680,537470,right
56,75,1079031,229110,90000,49155,8725,27758,7680,537470,right
56,75,1079031,229110,90000,49155,8725,27758,7680,537470,right
56,75,1079031,229110,90000,49155,8725,27758,7680,537470,right
56,75,1079031,229110,90000,49155,8725,27758,7680,537470,right
56,75,1079031,229110,90000,49155,8725,27758,7680,537470,right
56,75,1079031,229110,90000,49155,8725,27758,7680,537470,right
56,75,1079031,229110,90000,49155,8725,27758,7680,537470,right
56,75,1079031,229110,90000,49155,8725,27758,7680,537470,right
56,75,1079031,229110,90000,49155,8725,27758,7680,537470,right
56,75,1079031,229110,90000,49155,8725,27758,7680,537470,right
56,75,1079031,229110,90000,49155,8725,27758,7680,537470,right
56,75,1079031,229110,90000,49155,8725,27758,7680,537470,right
56,75,1079031,229110,90000,49155,8725,27758,7680,537470,right
44,88,816640,47857,71245,11238,25997,5843,4100,121352,right
44,88,816640,47857,71245,11238,25997,5843,4100,121352,right
44,88,816640,47857,71245,11238,25997,5843,4100,121352,right
44,88,816640,47857,71245,11238,25997,5843,4100,121352,right
44,88,816640,47857,71245,11238,25997,5843,4100,121352,right
44,88,816640,47857,71245,11238,25997,5843,4100,121352,right
44,88,816640,47857,71245,11238,25997,5843,4100,121352,right
44,88,816640,47857,71245,11238,25997,5843,4100,121352,right
44,88,816640,47857,71245,11238,25997,5843,4100,121352,right
44,88,816640,47857,71245,11238,25997,5843,4100,121352,right
44,88,816640,47857,71245,11238,25997,5843,4100,121352,right
44,88,816640,47857,71245,11238,25997,5843,4100,121352,right
44,88,816640,47857,71245,11238,25997,5843,4100,121352,right
44,88,816640,47857,71245,11238,25997,5843,4100,121352,right
44,88,816640,47857,71245,11238,25997,5843,4100,121352,right
44,88,816640,47857,71245,11238,25997,5843,4100,121352,right
44,88,816640,47857,71245,11238,25997,5843,4100,121352,right
44,88,816640,47857,71245,11238,25997,5843,4100,121352,right
44,88,816640,47857,71245,11238,25997,5843,4100,121352,right
44,88,816640,47857,71245,11238,25997,5843,4100,121352,right
57,100,679824,54951,9397,22250,9856,3727,5175,133524,right
57,100,679824,54951,9397,22250,9856,3727,5175,133524,right
57,100,679824,54951,9397,22250,9856,3727,5175,133524,right
57,100,679824,54951,9397,22250,9856,3727,5175,133524,right
57,100,679824,54951,9397,22250,9856,3727,5175,133524,right
57,100,679824,54951,9397,22250,9856,3727,5175,133524,right
57,100,679824,54951,9397,22250,9856,3727,5175,133524,right
57,100,679824,54951,9397,22250,9856,3727,5175,133524,right
57,100,679824,54951,9397,22250,9856,3727,5175,133524,right
57,100,679824,54951,9397,22250,9856,3727,5175,133524,right
57,100,679824,54951,9397,22250,9856,3727,5175,133524,right
57,100,679824,54951,9397,22250,9856,3727,5175,133524,right
57,100,679824,54951,9397,22250,9856,3727,5175,133524,right
57,100,679824,54951,9397,22250,9856,3727,5175,133524,right
57,100,679824,54951,9397,22250,9856,3727,5175,133524,right
57,100,679824,54951,9397,22250,9856,3727,5175,133524,right
57,100,679824,54951,9397,22250,9856,3727,5175,133524,right
57,100,679824,54951,9397,22250,9856,3727,5175,133524,right
57,100,679824,54951,9397,22250,9856,3727,5175,133524,right
44,91,88607,197525,18980,90887,30278,21856,10879,410585,right
44,91,88607,197525,18980,90887,30278,21856,10879,410585,right
44,91,88607,197525,18980,90887,30278,21856,10879,410585,right
44,91,88607,197525,18980,90887,30278,21856,10879,410585,right
44,91,88607,197525,18980,90887,30278,21856,10879,410585,right
44,91,88607,197525,18980,90887,30278,21856,10879,410585,right
44,91,88607,197525,18980,90887,30278,21856,10879,410585,right
44,91,88607,197525,18980,90887,30278,21856,10879,410585,right
44,91,88607,197525,18980,90887,30278,21856,10879,410585,right
44,91,88607,197525,18980,90887,30278,21856,10879,410585,right
44,91,88607,197525,18980,90887,30278,21856,10879,410585,right
44,91,88607,197525,18980,90887,30278,21856,10879,410585,right
44,91,88607,197525,18980,90887,30278,21856,10879,410585,right
44,91,88607,197525,18980,90887,30278,21856,10879,410585,right
44,91,88607,197525,18980,90887,30278,21856,10879,410585,right
44,91,88607,197525,18980,90887,30278,21856,10879,410585,right
44,91,88607,197525,18980,90887,30278,21856,10879,410585,right
44,91,88607,197525,18980,90887,30278,21856,10879,410585,right
44,91,88607,197525,18980,90887,30278,21856,10879,410585,right
44,91,88607,197525,18980,90887,30278,21856,10879,410585,right
47,90,188956,8299,2696,1698,2123,1104,1063,32457,right
47,90,188956,8299,2696,1698,2123,1104,1063,32457,right
47,90,188956,8299,2696,1698,2123,1104,1063,32457,right
47,90,188956,8299,2696,1698,2123,1104,1063,32457,right
47,90,188956,8299,2696,1698,2123,1104,1063,32457,right
47,90,188956,8299,2696,1698,2123,1104,1063,32457,right
47,90,188956,8299,2696,1698,2123,1104,1063,32457,right
47,90,188956,8299,2696,1698,2123,1104,1063,32457,right
47,90,188956,8299,2696,1698,2123,1104,1063,32457,right
47,90,188956,8299,2696,1698,2123,1104,1063,32457,right
47,90,188956,8299,2696,1698,2123,1104,1063,32457,right
47,90,188956,8299,2696,1698,2123,1104,1063,32457,right
47,90,188956,8299,2696,1698,2123,1104,1063,32457,right
47,90,188956,8299,2696,1698,2123,1104,1063,32457,right
47,90,188956,8299,2696,1698,2123,1104,1063,32457,right
47,90,188956,8299,2696,1698,2123,1104,1063,32457,right
47,90,188956,8299,2696,1698,2123,1104,1063,32457,right
47,90,188956,8299,2696,1698,2123,1104,1063,32457,right
47,90,188956,8299,2696,1698,2123,1104,1063,32457,right
47,90,188956,8299,2696,1698,2123,1104,1063,32457,right
41,75,690119,71349,18189,8543,19488,2789,3307,157178,right
41,75,690119,71349,18189,8543,19488,2789,3307,157178,right
41,75,690119,71349,18189,8543,19488,2789,3307,157178,right
41,75,690119,71349,18189,8543,19488,2789,3307,157178,right
41,75,690119,71349,18189,8543,19488,2789,3307,157178,right
41,75,690119,71349,18189,8543,19488,2789,3307,157178,right
41,75,690119,71349,18189,8543,19488,2789,3307,157178,right
41,75,690119,71349,18189,8543,19488,2789,3307,157178,right
41,75,690119,71349,18189,8543,19488,2789,3307,157178,right
41,75,690119,71349,18189,8543,19488,2789,3307,157178,right
41,75,690119,71349,18189,8543,19488,2789,3307,157178,right
41,75,690119,71349,18189,8543,19488,2789,3307,157178,right
41,75,690119,71349,18189,8543,19488,2789,3307,157178,right
41,75,690119,71349,18189,8543,19488,2789,3307,157178,right
41,75,690119,71349,18189,8543,19488,2789,3307,157178,right
41,75,690119,71349,18189,8543,19488,2789,3307,157178,right
41,75,690119,71349,18189,8543,19488,2789,3307,157178,right
41,75,690119,71349,18189,8543,19488,2789,3307,157178,right
41,75,690119,71349,18189,8543,19488,2789,3307,157178,right
41,75,690119,71349,18189,8543,19488,2789,3307,157178,right
57,81,85328,2414,1579,3772,2099,1773,514,29220,right
57,81,85328,2414,1579,3772,2099,1773,514,29220,right
57,81,85328,2414,1579,3772,2099,1773,514,29220,right
57,81,85328,2414,1579,3772,2099,1773,514,29220,right
57,81,85328,2414,1579,3772,2099,1773,514,29220,right
57,81,85328,2414,1579,3772,2099,1773,514,29220,right
57,81,85328,2414,1579,3772,2099,1773,514,29220,right
57,81,85328,2414,1579,3772,2099,1773,514,29220,right
57,81,85328,2414,1579,3772,2099,1773,514,29220,right
57,81,85328,2414,1579,3772,2099,1773,514,29220,right
57,81,85328,2414,1579,3772,2099,1773,514,29220,right
57,81,85328,2414,1579,3772,2099,1773,514,29220,right
57,81,85328,2414,1579,3772,2099,1773,514,29220,right
57,81,85328,2414,1579,3772,2099,1773,514,29220,right
57,81,85328,2414,1579,3772,2099,1773,514,29220,right
57,81,85328,2414,1579,3772,2099,1773,514,29220,right
57,81,85328,2414,1579,3772,2099,1773,514,29220,right
57,81,85328,2414,1579,3772,2099,1773,514,29220,right
57,81,85328,2414,1579,3772,2099,1773,514,29220,right
54,74,80052,97602,13243,9108,4866,6636,1938,151609,right
54,74,80052,97602,13243,9108,4866,6636,1938,151609,right
54,74,80052,97602,13243,9108,4866,6636,1938,151609,right
54,74,80052,97602,13243,9108,4866,6636,1938,151609,right
54,74,80052,97602,13243,9108,4866,6636,1938,151609,right
54,74,80052,97602,13243,9108,4866,6636,1938,151609,right
54,74,80052,97602,13243,9108,4866,6636,1938,151609,right
54,74,80052,97602,13243,9108,4866,6636,1938,151609,right
54,74,80052,97602,13243,9108,4866,6636,1938,151609,right
54,74,80052,97602,13243,9108,4866,6636,1938,151609,right
54,74,80052,97602,13243,9108,4866,6636,1938,151609,right
54,74,80052,97602,13243,9108,4866,6636,1938,151609,right
54,74,80052,97602,13243,9108,4866,6636,1938,151609,right
54,74,80052,97602,13243,9108,4866,6636,1938,151609,right
54,74,80052,97602,13243,9108,4866,6636,1938,151609,right
54,74,80052,97602,13243,9108,4866,6636,1938,151609,right
54,74,80052,97602,13243,9108,4866,6636,1938,151609,right
54,74,80052,97602,13243,9108,4866,6636,1938,151609,right
54,74,80052,97602,13243,9108,4866,6636,1938,151609,right
54,74,80052,97602,13243,9108,4866,6636,1938,151609,right
56,81,540741,19960,9824,21890,12314,5742,5910,146186,right
56,81,540741,19960,9824,21890,12314,5742,5910,146186,right
56,81,540741,19960,9824,21890,12314,5742,5910,146186,right
56,81,540741,19960,9824,21890,12314,5742,5910,146186,right
56,81,540741,19960,9824,21890,12314,5742,5910,146186,right
56,81,540741,19960,9824,21890,12314,5742,5910,146186,right
56,81,540741,19960,9824,21890,12314,5742,5910,146186,right
56,81,540741,19960,9824,21890,12314,5742,5910,146186,right
56,81,540741,19960,9824,21890,12314,5742,5910,146186,right
56,81,540741,19960,9824,21890,12314,5742,5910,146186,right
56,81,540741,19960,9824,21890,12314,5742,5910,146186,right
56,81,540741,19960,9824,21890,12314,5742,5910,146186,right
56,81,540741,19960,9824,21890,12314,5742,5910,146186,right
56,81,540741,19960,9824,21890,12314,5742,5910,146186,right
56,81,540741,19960,9824,21890,12314,5742,5910,146186,right
56,81,540741,19960,9824,21890,12314,5742,5910,146186,right
56,81,540741,19960,9824,21890,12314,5742,5910,146186,right
56,81,540741,19960,9824,21890,12314,5742,5910,146186,right
56,81,540741,19960,9824,21890,12314,5742,5910,146186,right
56,81,540741,19960,9824,21890,12314,5742,5910,146186,right
51,70,872396,199645,23853,5319,31911,3630,4664,121997,right
51,70,872396,199645,23853,5319,31911,3630,4664,121997,right
51,70,872396,199645,23853,5319,31911,3630,4664,121997,right
51,70,872396,199645,23853,5319,31911,3630,4664,121997,right
51,70,872396,199645,23853,5319,31911,3630,4664,121997,right
51,70,872396,199645,23853,5319,31911,3630,4664,121997,right
51,70,872396,199645,23853,5319,31911,3630,4664,121997,right
51,70,872396,199645,23853,5319,31911,3630,4664,121997,right
51,70,872396,199645,23853,5319,31911,3630,4664,121997,right
51,70,872396,199645,23853,5319,31911,3630,4664,121997,right
51,70,872396,199645,23853,5319,31911,3630,4664,121997,right
51,70,872396,199645,23853,5319,31911,3630,4664,121997,right
51,70,872396,199645,23853,5319,31911,3630,4664,121997,right
51,70,872396,199645,23853,5319,31911,3630,4664,121997,right
51,70,872396,199645,23853,5319,31911,3630,4664,121997,right
51,70,872396,199645,23853,5319,31911,3630,4664,121997,right
51,70,872396,199645,23853,5319,31911,3630,4664,121997,right
51,70,872396,199645,23853,5319,31911,3630,4664,121997,right
51,70,872396,199645,23853,5319,31911,3630,4664,121997,right
35,57,944835,99323,44768,27053,11616,3569,1834,144049,stop
35,57,944835,99323,44768,27053,11616,3569,1834,144049,stop
35,57,944835,99323,44768,27053,11616,3569,1834,144049,stop
35,57,944835,99323,44768,27053,11616,3569,1834,144049,stop
35,57,944835,99323,44768,27053,11616,3569,1834,144049,stop
24,70,349376,147958,41905,28836,11965,3017,1792,115948,stop
24,70,349376,147958,41905,28836,11965,3017,1792,115948,stop
24,70,349376,147958,41905,28836,11965,3017,1792,115948,stop
24,70,349376,147958,41905,28836,11965,3017,1792,115948,stop
24,70,349376,147958,41905,28836,11965,3017,1792,115948,stop
24,70,349376,147958,41905,28836,11965,3017,1792,115948,stop
24,70,349376,147958,41905,28836,11965,3017,1792,115948,stop
24,70,349376,147958,41905,28836,11965,3017,1792,115948,stop
24,70,349376,147958,41905,28836,11965,3017,1792,115948,stop
24,70,349376,147958,41905,28836,11965,3017,1792,115948,stop
24,70,349376,147958,41905,28836,11965,3017,1792,115948,stop
24,70,349376,147958,41905,28836,11965,3017,1792,115948,stop
24,70,349376,147958,41905,28836,11965,3017,1792,115948,stop
24,70,349376,147958,41905,28836,11965,3017,1792,115948,stop
24,70,349376,147958,41905,28836,11965,3017,1792,115948,stop
24,70,349376,147958,41905,28836,11965,3017,1792,115948,stop
24,70,349376,147958,41905,28836,11965,3017,1792,115948,stop
24,70,349376,147958,41905,28836,11965,3017,1792,115948,stop
24,70,349376,147958,41905,28836,11965,3017,1792,115948,stop
24,70,349376,147958,41905,28836,11965,3017,1792,115948,stop
24,81,881723,49410,38593,16092,14175,5274,1980,100716,stop
24,81,881723,49410,38593,16092,14175,5274,1980,100716,stop
24,81,881723,49410,38593,16092,14175,5274,1980,100716,stop
24,81,881723,49410,38593,16092,14175,5274,1980,100716,stop
24,81,881723,49410,38593,16092,14175,5274,1980,100716,stop
24,81,881723,49410,38593,16092,14175,5274,1980,100716,stop
24,81,881723,49410,38593,16092,14175,5274,1980,100716,stop
24,81,881723,49410,38593,16092,14175,5274,1980,100716,stop
24,81,881723,49410,38593,16092,14175,5274,1980,100716,stop
24,81,881723,49410,38593,16092,14175,5274,1980,100716,stop
24,81,881723,49410,38593,16092,14175,5274,1980,100716,stop
24,81,881723,49410,38593,16092,14175,5274,1980,100716,stop
24,81,881723,49410,38593,16092,14175,5274,1980,100716,stop
24,81,881723,49410,38593,16092,14175,5274,1980,100716,stop
24,81,881723,49410,38593,16092,14175,5274,1980,100716,stop
24,81,881723,49410,38593,16092,14175,5274,1980,100716,stop
24,81,881723,49410,38593,16092,14175,5274,1980,100716,stop
24,81,881723,49410,38593,16092,14175,5274,1980,100716,stop
24,81,881723,49410,38593,16092,14175,5274,1980,100716,stop
24,81,881723,49410,38593,16092,14175,5274,1980,100716,stop
23,75,181899,53758,3317,3618,11454,5724,2441,142576,stop
23,75,181899,53758,3317,3618,11454,5724,2441,142576,stop
23,75,181899,53758,3317,3618,11454,5724,2441,142576,stop
23,75,181899,53758,3317,3618,11454,5724,2441,142576,stop
23,75,181899,53758,3317,3618,11454,5724,2441,142576,stop
23,75,181899,53758,3317,3618,11454,5724,2441,142576,stop
23,75,181899,53758,3317,3618,11454,5724,2441,142576,stop
23,75,181899,53758,3317,3618,11454,5724,2441,142576,stop
23,75,181899,53758,3317,3618,11454,5724,2441,142576,stop
23,75,181899,53758,3317,3618,11454,5724,2441,142576,stop
23,75,181899,53758,3317,3618,11454,5724,2441,142576,stop
23,75,181899,53758,3317,3618,11454,5724,2441,142576,stop
23,75,181899,53758,3317,3618,11454,5724,2441,142576,stop
23,75,181899,53758,3317,3618,11454,5724,2441,142576,stop
23,75,181899,53758,3317,3618,11454,5724,2441,142576,stop
23,75,181899,53758,3317,3618,11454,5724,2441,142576,stop
23,75,181899,53758,3317,3618,11454,5724,2441,142576,stop
23,75,181899,53758,3317,3618,11454,5724,2441,142576,stop
23,75,181899,53758,3317,3618,11454,5724,2441,142576,stop
23,75,181899,53758,3317,3618,11454,5724,2441,142576,stop
41,63,109786,37125,8601,5039,21718,6371,2683,133417,stop
41,63,109786,37125,8601,5039,21718,6371,2683,133417,stop
41,63,109786,37125,8601,5039,21718,6371,2683,133417,stop
41,63,109786,37125,8601,5039,21718,6371,2683,133417,stop
41,63,109786,37125,8601,5039,21718,6371,2683,133417,stop
41,63,109786,37125,8601,5039,21718,6371,2683,133417,stop
41,63,109786,37125,8601,5039,21718,6371,2683,133417,stop
41,63,109786,37125,8601,5039,21718,6371,2683,133417,stop
41,63,109786,37125,8601,5039,21718,6371,2683,133417,stop
41,63,109786,37125,8601,5039,21718,6371,2683,133417,stop
41,63,109786,37125,8601,5039,21718,6371,2683,133417,stop
41,63,109786,37125,8601,5039,21718,6371,2683,133417,stop
41,63,109786,37125,8601,5039,21718,6371,2683,133417,stop
41,63,109786,37125,8601,5039,21718,6371,2683,133417,stop
41,63,109786,37125,8601,5039,21718,6371,2683,133417,stop
41,63,109786,37125,8601,5039,21718,6371,2683,133417,stop
41,63,109786,37125,8601,5039,21718,6371,2683,133417,stop
41,63,109786,37125,8601,5039,21718,6371,2683,133417,stop
41,63,109786,37125,8601,5039,21718,6371,2683,133417,stop
63,64,201784,88145,29191,43345,27079,15455,8646,493638,stop
63,64,201784,88145,29191,43345,27079,15455,8646,493638,stop
63,64,201784,88145,29191,43345,27079,15455,8646,493638,stop
63,64,201784,88145,29191,43345,27079,15455,8646,493638,stop
63,64,201784,88145,29191,43345,27079,15455,8646,493638,stop
63,64,201784,88145,29191,43345,27079,15455,8646,493638,stop
63,64,201784,88145,29191,43345,27079,15455,8646,493638,stop
63,64,201784,88145,29191,43345,27079,15455,8646,493638,stop
63,64,201784,88145,29191,43345,27079,15455,8646,493638,stop
63,64,201784,88145,29191,43345,27079,15455,8646,493638,stop
63,64,201784,88145,29191,43345,27079,15455,8646,493638,stop
63,64,201784,88145,29191,43345,27079,15455,8646,493638,stop
63,64,201784,88145,29191,43345,27079,15455,8646,493638,stop
63,64,201784,88145,29191,43345,27079,15455,8646,493638,stop
63,64,201784,88145,29191,43345,27079,15455,8646,493638,stop
63,64,201784,88145,29191,43345,27079,15455,8646,493638,stop
63,64,201784,88145,29191,43345,27079,15455,8646,493638,stop
63,64,201784,88145,29191,43345,27079,15455,8646,493638,stop
63,64,201784,88145,29191,43345,27079,15455,8646,493638,stop
63,64,201784,88145,29191,43345,27079,15455,8646,493638,stop
63,64,201784,88145,29191,43345,27079,15455,8646,493638,stop
67,48,561283,168237,7826,28053,40998,16288,9412,456772,stop
67,48,561283,168237,7826,28053,40998,16288,9412,456772,stop
67,48,561283,168237,7826,28053,40998,16288,9412,456772,stop
67,48,561283,168237,7826,28053,40998,16288,9412,456772,stop
67,48,561283,168237,7826,28053,40998,16288,9412,456772,stop
67,48,561283,168237,7826,28053,40998,16288,9412,456772,stop
67,48,561283,168237,7826,28053,40998,16288,9412,456772,stop
67,48,561283,168237,7826,28053,40998,16288,9412,456772,stop
67,48,561283,168237,7826,28053,40998,16288,9412,456772,stop
67,48,561283,168237,7826,28053,40998,16288,9412,456772,stop
67,48,561283,168237,7826,28053,40998,16288,9412,456772,stop
67,48,561283,168237,7826,28053,40998,16288,9412,456772,stop
67,48,561283,168237,7826,28053,40998,16288,9412,456772,stop
67,48,561283,168237,7826,28053,40998,16288,9412,456772,stop
67,48,561283,168237,7826,28053,40998,16288,9412,456772,stop
67,48,561283,168237,7826,28053,40998,16288,9412,456772,stop
67,48,561283,168237,7826,28053,40998,16288,9412,456772,stop
67,48,561283,168237,7826,28053,40998,16288,9412,456772,stop
67,48,561283,168237,7826,28053,40998,16288,9412,456772,stop
47,48,1093007,310353,20607,10817,5987,3738,3943,112870,stop
47,48,1093007,310353,20607,10817,5987,3738,3943,112870,stop
47,48,1093007,310353,20607,10817,5987,3738,3943,112870,stop
47,48,1093007,310353,20607,10817,5987,3738,3943,112870,stop
47,48,1093007,310353,20607,10817,5987,3738,3943,112870,stop
47,48,1093007,310353,20607,10817,5987,3738,3943,112870,stop
47,48,1093007,310353,20607,10817,5987,3738,3943,112870,stop
47,48,1093007,310353,20607,10817,5987,3738,3943,112870,stop
47,48,1093007,310353,20607,10817,5987,3738,3943,112870,stop
47,48,1093007,310353,20607,10817,5987,3738,3943,112870,stop
47,48,1093007,310353,20607,10817,5987,3738,3943,112870,stop
47,48,1093007,310353,20607,10817,5987,3738,3943,112870,stop
47,48,1093007,310353,20607,10817,5987,3738,3943,112870,stop
47,48,1093007,310353,20607,10817,5987,3738,3943,112870,stop
47,48,1093007,310353,20607,10817,5987,3738,3943,112870,stop
47,48,1093007,310353,20607,10817,5987,3738,3943,112870,stop
47,48,1093007,310353,20607,10817,5987,3738,3943,112870,stop
47,48,1093007,310353,20607,10817,5987,3738,3943,112870,stop
47,48,1093007,310353,20607,10817,5987,3738,3943,112870,stop
47,48,1093007,310353,20607,10817,5987,3738,3943,112870,stop
34,47,813966,228063,25003,22982,11340,9218,10064,537071,stop
34,47,813966,228063,25003,22982,11340,9218,10064,537071,stop
34,47,813966,228063,25003,22982,11340,9218,10064,537071,stop
34,47,813966,228063,25003,22982,11340,9218,10064,537071,stop
34,47,813966,228063,25003,22982,11340,9218,10064,537071,stop
34,47,813966,228063,25003,22982,11340,9218,10064,537071,stop
34,47,813966,228063,25003,22982,11340,9218,10064,537071,stop
34,47,813966,228063,25003,22982,11340,9218,10064,537071,stop
34,47,813966,228063,25003,22982,11340,9218,10064,537071,stop
34,47,813966,228063,25003,22982,11340,9218,10064,537071,stop
34,47,813966,228063,25003,22982,11340,9218,10064,537071,stop
34,47,813966,228063,25003,22982,11340,9218,10064,537071,stop
34,47,813966,228063,25003,22982,11340,9218,10064,537071,stop
34,47,813966,228063,25003,22982,11340,9218,10064,537071,stop
34,47,813966,228063,25003,22982,11340,9218,10064,537071,stop
34,47,813966,228063,25003,22982,11340,9218,10064,537071,stop
34,47,813966,228063,25003,22982,11340,9218,10064,537071,stop
34,47,813966,228063,25003,22982,11340,9218,10064,537071,stop
34,47,813966,228063,25003,22982,11340,9218,10064,537071,stop
34,47,813966,228063,25003,22982,11340,9218,10064,537071,stop
26,40,1651385,112744,29397,19345,35921,9027,12548,588180,stop
26,40,1651385,112744,29397,19345,35921,9027,12548,588180,stop
26,40,1651385,112744,29397,19345,35921,9027,12548,588180,stop
26,40,1651385,112744,29397,19345,35921,9027,12548,588180,stop
26,40,1651385,112744,29397,19345,35921,9027,12548,588180,stop
26,40,1651385,112744,29397,19345,35921,9027,12548,588180,stop
26,40,1651385,112744,29397,19345,35921,9027,12548,588180,stop
26,40,1651385,112744,29397,19345,35921,9027,12548,588180,stop
26,40,1651385,112744,29397,19345,35921,9027,12548,588180,stop
26,40,1651385,112744,29397,19345,35921,9027,12548,588180,stop
26,40,1651385,112744,29397,19345,35921,9027,12548,588180,stop
26,40,1651385,112744,29397,19345,35921,9027,12548,588180,stop
26,40,1651385,112744,29397,19345,35921,9027,12548,588180,stop
26,40,1651385,112744,29397,19345,35921,9027,12548,588180,stop
26,40,1651385,112744,29397,19345,35921,9027,12548,588180,stop
26,40,1651385,112744,29397,19345,35921,9027,12548,588180,stop
26,40,1651385,112744,29397,19345,35921,9027,12548,588180,stop
26,40,1651385,112744,29397,19345,35921,9027,12548,588180,stop
26,40,1651385,112744,29397,19345,35921,9027,12548,588180,stop
16,53,2077774,198144,38451,87239,23232,9701,11225,476748,stop
16,53,2077774,198144,38451,87239,23232,9701,11225,476748,stop
16,53,2077774,198144,38451,87239,23232,9701,11225,476748,stop
16,53,2077774,198144,38451,87239,23232,9701,11225,476748,stop
16,53,2077774,198144,38451,87239,23232,9701,11225,476748,stop
16,53,2077774,198144,38451,87239,23232,9701,11225,476748,stop
16,53,2077774,198144,38451,87239,23232,9701,11225,476748,stop
16,53,2077774,198144,38451,87239,23232,9701,11225,476748,stop
16,53,2077774,198144,38451,87239,23232,9701,11225,476748,stop
16,53,2077774,198144,38451,87239,23232,9701,11225,476748,stop
16,53,2077774,198144,38451,87239,23232,9701,11225,476748,stop
16,53,2077774,198144,38451,87239,23232,9701,11225,476748,stop
16,53,2077774,198144,38451,87239,23232,9701,11225,476748,stop
16,53,2077774,198144,38451,87239,23232,9701,11225,476748,stop
16,53,2077774,198144,38451,87239,23232,9701,11225,476748,stop
16,53,2077774,198144,38451,87239,23232,9701,11225,476748,stop
16,53,2077774,198144,38451,87239,23232,9701,11225,476748,stop
